{
  "mean": [
    138.71339488577462,
    140.30586301204966,
    137.09485595353792,
    138.7285627966962,
    6500611.942565509,
    0.0
  ],
  "scale": [
    270.6065806981837,
    273.8437510225058,
    267.5010377045235,
    270.7160697852998,
    28649755.71135005,
    1.0
  ],
  "cols": [
    "open",
    "high",
    "low",
    "close",
    "volume",
    "news_score"
  ]
}